sinif,hafta_baslangic,hafta_bitis,konu,kazanim,aciklama
"5","2026-09-14","2026-09-18","Temel Geometrik Çizimler ve İnşalar","MAT.5.3.1. Temel geometrik çizimler için matematiksel araç ve teknolojiden yararlanabilme","Geometrik Şekiller"
"5","2026-09-21","2026-09-25","Temel Geometrik Çizimler ve İnşalar","MAT.5.3.2. Temel geometrik çizimlere dayalı deneyimlerini yansıtabilme","Geometrik Şekiller"
"5","2026-09-28","2026-10-02","Açı Ölçme","MAT.5.3.3. Açıları ölçmek için matematiksel araç ve teknolojiden yararlanabilme","Geometrik Şekiller"
"5","2026-10-05","2026-10-09","Açı Ölçme","MAT.5.3.4. Düzlemde iki veya üç doğrunun birbirine göre durumuna bağlı olarak oluşabilecek açılara dair çıkarım yapabilme","Geometrik Şekiller"
"5","2026-10-12","2026-10-16","Çokgenler ve Çember","MAT.5.3.5. Çokgenleri düzlemde ardışık olarak kesişen doğruların oluşturduğu kapalı şekiller olarak yorumlayabilme","Geometrik Şekiller"
"5","2026-10-19","2026-10-23","Çokgenler ve Çember","MAT.5.3.6. Çokgenlerin özellikleri ile ilgili edindiği deneyimleri yansıtabilme","Geometrik Şekiller"
"5","2026-10-26","2026-10-30","Çokgenler ve Çember","MAT.5.3.7. Matematiksel araç ve teknoloji yardımıyla düzlemde iki noktada kesişen çember çiftinin merkezleri ve kesişim noktalarından biri ile inşa edilen üçgenlerin kenar özelliklerine yönelik çıkarım yapabilme","Geometrik Şekiller"
"5","2026-11-02","2026-11-06","Çokgenler ve Çember","MAT.5.3.7. Matematiksel araç ve teknoloji yardımıyla düzlemde iki noktada kesişen çember çiftinin merkezleri ve kesişim noktalarından biri ile inşa edilen üçgenlerin kenar özelliklerine yönelik çıkarım yapabilme","Geometrik Şekiller"
"5","2026-11-09","2026-11-13","Çok Basamaklı Sayıları Okuma ve Yazma","MAT.5.1.1. Altı basamaklı sayıları okuma ve yazmayı çok basamaklı sayılara genelleyebilme","Sayılar ve Nicelikler"
"5","2026-11-23","2026-11-27","Basamak Değerlerini Çözümleme","MAT.5.1.1. Altı basamaklı sayıları okuma ve yazmayı çok basamaklı sayılara genelleyebilme","Sayılar ve Nicelikler"
"5","2026-11-30","2026-12-04","Doğal Sayılarla Dört İşlem İçeren Problem Çözme","MAT.5.1.2. Doğal sayılar ve işlemler içeren gerçek yaşam problemlerini çözebilme","Sayılar ve Nicelikler"
"5","2026-12-07","2026-12-11","Doğal Sayılarla Dört İşlem İçeren Problem Çözme","MAT.5.1.2. Doğal sayılar ve işlemler içeren gerçek yaşam problemlerini çözebilme","Sayılar ve Nicelikler"
"5","2026-12-14","2026-12-18","Doğal Sayılarla Dört İşlem İçeren Problem Çözme","MAT.5.1.2. Doğal sayılar ve işlemler içeren gerçek yaşam problemlerini çözebilme","Sayılar ve Nicelikler"
"5","2026-12-21","2026-12-25","Doğal Sayılarla Dört İşlem İçeren Problem Çözme","MAT.5.1.2. Doğal sayılar ve işlemler içeren gerçek yaşam problemlerini çözebilme
MAT.5.4.1. Kenar uzunlukları doğal sayı olan bir dikdörtgenin çevre uzunluğu verildiğinde kenar uzunluklarını yorumlayabilme","Sayılar ve Nicelikler"
"5","2026-12-21","2026-12-25","Dikdörtgenin Çevre Uzunluğu ve Alanı","MAT.5.1.2. Doğal sayılar ve işlemler içeren gerçek yaşam problemlerini çözebilme
MAT.5.4.1. Kenar uzunlukları doğal sayı olan bir dikdörtgenin çevre uzunluğu verildiğinde kenar uzunluklarını yorumlayabilme","Geometrik Nicelikler"
"5","2026-12-28","2026-12-31","Dikdörtgenin Çevre Uzunluğu ve Alanı","MAT.5.4.1. Kenar uzunlukları doğal sayı olan bir dikdörtgenin çevre uzunluğu verildiğinde kenar uzunluklarını yorumlayabilme
MAT.5.4.2. Birim karelerden yola çıkarak dikdörtgenin alanını değerlendirebilme","Geometrik Nicelikler"
"5","2027-01-04","2027-01-08","Dikdörtgenin Çevre Uzunluğu ve Alanı","MAT.5.4.2. Birim karelerden yola çıkarak dikdörtgenin alanını değerlendirebilme
MAT.5.4.3. Kenar uzunlukları doğal sayı olan bir dikdörtgenin alanının ölçüsü verildiğinde çevre uzunluğunu, çevre uzunluğu verildiğinde alanını yorumlayabilme","Geometrik Nicelikler"
"5","2027-01-11","2027-01-15","Dikdörtgenin Çevre Uzunluğu ve Alanı","MAT.5.4.4. Dikdörtgenin çevre uzunluğu ve alanı ile ilgili problemleri çözebilme","Geometrik Nicelikler"
"5","2027-01-18","2027-01-22","Dikdörtgenin Çevre Uzunluğu ve Alanı","MAT.5.4.4. Dikdörtgenin çevre uzunluğu ve alanı ile ilgili problemleri çözebilme","Geometrik Nicelikler"
"5","2027-02-08","2027-02-12","Kesirlerin Farklı Gösterimleri","MAT.5.1.3. Gerçek yaşam durumlarına karşılık gelen kesirleri farklı biçimlerde temsil edebilme","Sayılar ve Nicelikler"
"5","2027-02-15","2027-02-19","Kesirlerin Farklı Gösterimleri","MAT.5.1.3. Gerçek yaşam durumlarına karşılık gelen kesirleri farklı biçimlerde temsil edebilme","Sayılar ve Nicelikler"
"5","2027-02-22","2027-02-26","Kesirlerin Farklı Gösterimleri","MAT.5.1.3. Gerçek yaşam durumlarına karşılık gelen kesirleri farklı biçimlerde temsil edebilme","Sayılar ve Nicelikler"
"5","2027-03-01","2027-03-05","Kesirlerin Farklı Gösterimleri","MAT.5.1.3. Gerçek yaşam durumlarına karşılık gelen kesirleri farklı biçimlerde temsil edebilme
MAT.5.1.4. Farklı gösterimlerle ifade edilen kesirlerin karşılaştırılmasına yönelik çıkarım yapabilme","Sayılar ve Nicelikler"
"5","2027-03-01","2027-03-05","Kesirlerin Karşılaştırılması","MAT.5.1.3. Gerçek yaşam durumlarına karşılık gelen kesirleri farklı biçimlerde temsil edebilme
MAT.5.1.4. Farklı gösterimlerle ifade edilen kesirlerin karşılaştırılmasına yönelik çıkarım yapabilme","Sayılar ve Nicelikler"
"5","2027-03-15","2027-03-19","Kesirlerin Karşılaştırılması","MAT.5.1.4. Farklı gösterimlerle ifade edilen kesirlerin karşılaştırılmasına yönelik çıkarım yapabilme","Sayılar ve Nicelikler"
"5","2027-03-22","2027-03-26","Kesirlerin Karşılaştırılması","MAT.5.1.4. Farklı gösterimlerle ifade edilen kesirlerin karşılaştırılmasına yönelik çıkarım yapabilme","Sayılar ve Nicelikler"
"5","2027-03-29","2027-04-02","Kesirlerin Karşılaştırılması","MAT.5.1.4. Farklı gösterimlerle ifade edilen kesirlerin karşılaştırılmasına yönelik çıkarım yapabilme","Sayılar ve Nicelikler"
"5","2027-04-05","2027-04-09","Kategorik Veri Dağılımları","MAT.5.5.1. Kategorik veri ile çalışabilme ve veriye dayalı karar verebilme","İstatistiksel Araştırma Süreci"
"5","2027-04-12","2027-04-16","Kategorik Veri Dağılımları","MAT.5.5.1. Kategorik veri ile çalışabilme ve veriye dayalı karar verebilme","İstatistiksel Araştırma Süreci"
"5","2027-04-19","2027-04-23","Kategorik Veri Dağılımları","MAT.5.5.1. Kategorik veri ile çalışabilme ve veriye dayalı karar verebilme","İstatistiksel Araştırma Süreci"
"5","2027-04-26","2027-04-30","Kategorik Veri Dağılımları","MAT.5.5.1. Kategorik veri ile çalışabilme ve veriye dayalı karar verebilme
MAT.5.5.2. Başkaları tarafından oluşturulan kategorik veriye dayalı istatistiksel sonuç veya yorumları tartışabilme","İstatistiksel Araştırma Süreci"
"5","2027-05-03","2027-05-07","Kategorik Veri Dağılımları","MAT.5.5.2. Başkaları tarafından oluşturulan kategorik veriye dayalı istatistiksel sonuç veya yorumları tartışabilme
MAT.5.2.1. Eşitliğin korunumuna ve işlem özelliklerine yönelik çıkarım yapabilme","İstatistiksel Araştırma Süreci"
"5","2027-05-03","2027-05-07","Eşitliğin Korunumu","MAT.5.5.2. Başkaları tarafından oluşturulan kategorik veriye dayalı istatistiksel sonuç veya yorumları tartışabilme
MAT.5.2.1. Eşitliğin korunumuna ve işlem özelliklerine yönelik çıkarım yapabilme","İşlemlerle Cebirsel Düşünme"
"5","2027-05-10","2027-05-14","Değişme-Birleşme ve Dağılma Özellikleri","MAT.5.2.1. Eşitliğin korunumuna ve işlem özelliklerine yönelik çıkarım yapabilme","İşlemlerle Cebirsel Düşünme"
"5","2027-05-20","2027-05-21","İşlem Önceliği","MAT.5.2.2. Karşılaştığı günlük hayat ya da matematiksel durumlarda işlem önceliğini yorumlayabilme
MAT.5.2.3. Sayı ve şekil örüntülerinin kuralına ilişkin muhakeme yapabilme","İşlemlerle Cebirsel Düşünme"
"5","2027-05-20","2027-05-21","Örüntüler","MAT.5.2.2. Karşılaştığı günlük hayat ya da matematiksel durumlarda işlem önceliğini yorumlayabilme
MAT.5.2.3. Sayı ve şekil örüntülerinin kuralına ilişkin muhakeme yapabilme","İşlemlerle Cebirsel Düşünme"
"5","2027-05-24","2027-05-28","Örüntüler","MAT.5.2.3. Sayı ve şekil örüntülerinin kuralına ilişkin muhakeme yapabilme","İşlemlerle Cebirsel Düşünme"
"5","2027-05-31","2027-06-04","Temel Aritmetik İşlemler ve Algoritma","MAT.5.2.4. Temel aritmetik işlem içeren durumlardaki algoritmaları yorumlayabilme","İşlemlerle Cebirsel Düşünme"
"5","2027-06-07","2027-06-11","Temel Aritmetik İşlemler ve Algoritma","MAT.5.2.4. Temel aritmetik işlem içeren durumlardaki algoritmaları yorumlayabilme
MAT.5.6.1. Herhangi bir olayın olasılığının 0 (imkânsız) ile 1 (kesin) arasında (0 ve 1 dâhil) olduğunu (olasılık spektrumu) yorumlayabilme","İşlemlerle Cebirsel Düşünme"
"5","2027-06-07","2027-06-11","Öznel Olasılık","MAT.5.2.4. Temel aritmetik işlem içeren durumlardaki algoritmaları yorumlayabilme
MAT.5.6.1. Herhangi bir olayın olasılığının 0 (imkânsız) ile 1 (kesin) arasında (0 ve 1 dâhil) olduğunu (olasılık spektrumu) yorumlayabilme","Veriden Olasılığa"
"5","2027-06-14","2027-06-18","Öznel Olasılık","MAT.5.6.2. Olayları az ya da çok olasılıklı şeklinde yapılandırabilme","Veriden Olasılığa"
"6","2026-09-14","2026-09-18","Bir Doğal Sayının Çarpanları ve Katları","MAT.6.1.1. Karşılaştığı problem durumlarında bir doğal sayının çarpan ve katlarına yönelik muhakeme yapabilme","Sayılar ve Nicelikler"
"6","2026-09-21","2026-09-25","Bölünebilme Kriterleri","MAT.6.1.2. Bir doğal sayının 2, 3, 4, 5, 6, 9 ve 10 ile tam bölünebilme kriterlerine ilişkin çıkarım yapabilme","Sayılar ve Nicelikler"
"6","2026-09-28","2026-10-02","Bir Doğal Sayının Çarpanları ve Katları","MAT.6.1.3. Bir doğal sayının asal olma durumunu ve asal çarpanlarını çözümleyebilme
MAT.6.1.4. Günlük hayat problemleri ya da matematiksel durumlar üzerinden ortak kat ve ortak böleni yorumlayabilme","Sayılar ve Nicelikler"
"6","2026-09-28","2026-10-02","Asal Sayılar ve Asal Çarpanlar","MAT.6.1.3. Bir doğal sayının asal olma durumunu ve asal çarpanlarını çözümleyebilme
MAT.6.1.4. Günlük hayat problemleri ya da matematiksel durumlar üzerinden ortak kat ve ortak böleni yorumlayabilme","Sayılar ve Nicelikler"
"6","2026-10-05","2026-10-09","Deneysel Olasılık","MAT.6.6.1. Bir olayın olasılığını gözleme dayalı tahmin edebilme","Veriden Olasılığa"
"6","2026-10-12","2026-10-16","Deneysel Olasılık","MAT.6.6.1. Bir olayın olasılığını gözleme dayalı tahmin edebilme
MAT.6.1.5. Gerçek yaşam durumlarında ondalık gösterimlerin basamak değerlerini kesirlerden yararlanarak yorumlayabilme","Veriden Olasılığa"
"6","2026-10-12","2026-10-16","Ondalık Gösterimleri Çözümleme","MAT.6.6.1. Bir olayın olasılığını gözleme dayalı tahmin edebilme
MAT.6.1.5. Gerçek yaşam durumlarında ondalık gösterimlerin basamak değerlerini kesirlerden yararlanarak yorumlayabilme","Sayılar ve Nicelikler"
"6","2026-10-19","2026-10-23","Ondalık Gösterimleri Çözümleme","MAT.6.1.5. Gerçek yaşam durumlarında ondalık gösterimlerin basamak değerlerini kesirlerden yararlanarak yorumlayabilme
MAT.6.1.6. Kesir ve bölme işlemi arasındaki ilişkiye yönelik tümevarımsal akıl yürütebilme","Sayılar ve Nicelikler"
"6","2026-10-19","2026-10-23","Kesir-Bölme İlişkisi","MAT.6.1.5. Gerçek yaşam durumlarında ondalık gösterimlerin basamak değerlerini kesirlerden yararlanarak yorumlayabilme
MAT.6.1.6. Kesir ve bölme işlemi arasındaki ilişkiye yönelik tümevarımsal akıl yürütebilme","Sayılar ve Nicelikler"
"6","2026-10-26","2026-10-30","Kesir-Bölme İlişkisi","MAT.6.1.6. Kesir ve bölme işlemi arasındaki ilişkiye yönelik tümevarımsal akıl yürütebilme","Sayılar ve Nicelikler"
"6","2026-11-02","2026-11-06","Kesirlerle Dört İşlem İçeren Problem Çözme","MAT.6.1.7. Gerçek yaşam durumlarında karşılaşılan kesir, ondalık ve yüzde gösterimleri ile ilgili dört işlem gerektiren problemleri çözebilme","Sayılar ve Nicelikler"
"6","2026-11-09","2026-11-13","Kesirlerle Dört İşlem İçeren Problem Çözme","MAT.6.1.7. Gerçek yaşam durumlarında karşılaşılan kesir, ondalık ve yüzde gösterimleri ile ilgili dört işlem gerektiren problemleri çözebilme","Sayılar ve Nicelikler"
"6","2026-11-23","2026-11-27","Kesirlerle Dört İşlem İçeren Problem Çözme","MAT.6.1.7. Gerçek yaşam durumlarında karşılaşılan kesir, ondalık ve yüzde gösterimleri ile ilgili dört işlem gerektiren problemleri çözebilme","Sayılar ve Nicelikler"
"6","2026-11-30","2026-12-04","Kesirlerle Dört İşlem İçeren Problem Çözme","MAT.6.1.7. Gerçek yaşam durumlarında karşılaşılan kesir, ondalık ve yüzde gösterimleri ile ilgili dört işlem gerektiren problemleri çözebilme","Sayılar ve Nicelikler"
"6","2026-12-07","2026-12-11","Kesirlerle Dört İşlem İçeren Problem Çözme","MAT.6.1.7. Gerçek yaşam durumlarında karşılaşılan kesir, ondalık ve yüzde gösterimleri ile ilgili dört işlem gerektiren problemleri çözebilme
MAT.6.1.8. Karşılaştığı günlük hayat ya da matematiksel durumlarda standart uzunluk ölçme birimlerini değerlendirebilme","Sayılar ve Nicelikler"
"6","2026-12-07","2026-12-11","Uzunluk Ölçme","MAT.6.1.7. Gerçek yaşam durumlarında karşılaşılan kesir, ondalık ve yüzde gösterimleri ile ilgili dört işlem gerektiren problemleri çözebilme
MAT.6.1.8. Karşılaştığı günlük hayat ya da matematiksel durumlarda standart uzunluk ölçme birimlerini değerlendirebilme","Sayılar ve Nicelikler"
"6","2026-12-14","2026-12-18","Uzunluk Ölçme","MAT.6.1.8. Karşılaştığı günlük hayat ya da matematiksel durumlarda standart uzunluk ölçme birimlerini değerlendirebilme
MAT.6.5.1. Kategorik veya nicel (kesikli) veri ile çalışabilme ve veriye dayalı karar verebilme","Sayılar ve Nicelikler"
"6","2026-12-14","2026-12-18","Kategorik ve Nicel (Kesikli) Veri Dağılımları","MAT.6.1.8. Karşılaştığı günlük hayat ya da matematiksel durumlarda standart uzunluk ölçme birimlerini değerlendirebilme
MAT.6.5.1. Kategorik veya nicel (kesikli) veri ile çalışabilme ve veriye dayalı karar verebilme","İstatistiksel Araştırma Süreci"
"6","2026-12-21","2026-12-25","Kategorik ve Nicel (Kesikli) Veri Dağılımları","MAT.6.5.1. Kategorik veya nicel (kesikli) veri ile çalışabilme ve veriye dayalı karar verebilme","İstatistiksel Araştırma Süreci"
"6","2026-12-28","2026-12-31","Kategorik ve Nicel (Sürekli) Veri Dağılımları","MAT.6.5.1. Kategorik veya nicel (kesikli) veri ile çalışabilme ve veriye dayalı karar verebilme","İstatistiksel Araştırma Süreci"
"6","2027-01-04","2027-01-08","Kategorik ve Nicel (Sürekli) Veri Dağılımları","MAT.6.5.1. Kategorik veya nicel (kesikli) veri ile çalışabilme ve veriye dayalı karar verebilme","İstatistiksel Araştırma Süreci"
"6","2027-01-11","2027-01-15","Kategorik ve Nicel (Sürekli) Veri Dağılımları","MAT.6.5.1. Kategorik veya nicel (kesikli) veri ile çalışabilme ve veriye dayalı karar verebilme","İstatistiksel Araştırma Süreci"
"6","2027-01-18","2027-01-22","Kategorik ve Nicel (Sürekli) Veri Dağılımları","MAT.6.5.1. Kategorik veya nicel (kesikli) veri ile çalışabilme ve veriye dayalı karar verebilme
MAT.6.5.2. Başkaları tarafından oluşturulan kategorik veya nicel (kesikli) veriye dayalı istatistiksel sonuç veya yorumları tartışabilme","İstatistiksel Araştırma Süreci"
"6","2027-02-08","2027-02-12","İki Paralel Doğrunun Bir Kesenle Oluşturduğu Açılar","MAT.6.3.1. Düzlemde iki paralel doğru ve bir kesen ile oluşan açıları sınıflandırabilme","Geometrik Şekiller"
"6","2027-02-15","2027-02-19","Üçgenin Açıları","MAT.6.3.2. Matematiksel araç ve teknolojiden yararlanarak iki paralel doğrunun iki kesenle oluşturduğu şekillerin özelliklerine dair çıkarım yapabilme","Geometrik Şekiller"
"6","2027-02-15","2027-02-19","Dörtgenlerin Kenar, Açı ve Köşegen Özellikleri","MAT.6.3.2. Matematiksel araç ve teknolojiden yararlanarak iki paralel doğrunun iki kesenle oluşturduğu şekillerin özelliklerine dair çıkarım yapabilme","Geometrik Şekiller"
"6","2027-02-22","2027-02-26","Dörtgenlerin Kenar, Açı ve Köşegen Özellikleri","MAT.6.3.3. Matematiksel araç ve teknolojiden yararlanarak birbirlerini ortalayan doğru parçalarını köşegen kabul eden dörtgenlere yönelik çıkarım yapabilme","Geometrik Şekiller"
"6","2027-03-01","2027-03-05","Üçgenin Açıları","MAT.6.3.4. Üçgen, yamuk, paralelkenar, eşkenar dörtgen, dikdörtgen ve karenin açıları ile ilgili problemleri çözebilme","Geometrik Şekiller"
"6","2027-03-01","2027-03-05","Dörtgenlerin Kenar, Açı ve Köşegen Özellikleri","MAT.6.3.4. Üçgen, yamuk, paralelkenar, eşkenar dörtgen, dikdörtgen ve karenin açıları ile ilgili problemleri çözebilme","Geometrik Şekiller"
"6","2027-03-15","2027-03-19","Bilinmeyen Nicelikler","MAT.6.2.1. Gerçek yaşam durumlarında bilinen niceliklerden bilinmeyen niceliklere ilişkin muhakeme yapabilme","İşlemlerle Cebirsel Düşünme ve Değişimler"
"6","2027-03-22","2027-03-26","Bilinmeyen Nicelikler","MAT.6.2.1. Gerçek yaşam durumlarında bilinen niceliklerden bilinmeyen niceliklere ilişkin muhakeme yapabilme","İşlemlerle Cebirsel Düşünme ve Değişimler"
"6","2027-03-29","2027-04-02","Bilinmeyen Nicelikler","MAT.6.2.1. Gerçek yaşam durumlarında bilinen niceliklerden bilinmeyen niceliklere ilişkin muhakeme yapabilme","İşlemlerle Cebirsel Düşünme ve Değişimler"
"6","2027-04-05","2027-04-09","Örüntü","MAT.6.2.2. Sayı ve şekil örüntülerini yorumlayabilme","İşlemlerle Cebirsel Düşünme ve Değişimler"
"6","2027-04-12","2027-04-16","Örüntü","MAT.6.2.2. Sayı ve şekil örüntülerini yorumlayabilme","İşlemlerle Cebirsel Düşünme ve Değişimler"
"6","2027-04-19","2027-04-23","Cebirsel İfadeler ve Algoritma","MAT.6.2.3. Cebirsel ifadeler içeren durumlardaki algoritmaları yorumlayabilme","İşlemlerle Cebirsel Düşünme ve Değişimler"
"6","2027-04-26","2027-04-30","Cebirsel İfadeler ve Algoritma","MAT.6.2.3. Cebirsel ifadeler içeren durumlardaki algoritmaları yorumlayabilme","İşlemlerle Cebirsel Düşünme ve Değişimler"
"6","2027-05-03","2027-05-07","Uzunluk ve Alan Ölçme Birimleri Arasındaki İlişki","MAT.6.4.1. Uzunluk ve alan ölçme birimleri arasındaki ilişkilerle ilgili analojik akıl yürütebilme","Geometrik Nicelikler"
"6","2027-05-10","2027-05-14","Paralelkenar ve Üçgenin Alanı","MAT.6.4.2. Dikdörtgenin alan bağıntısına yönelik deneyimlerini paralelkenar ve üçgenin alan bağıntılarına yansıtabilme","Geometrik Nicelikler"
"6","2027-05-20","2027-05-21","Uzunluk ve Alan Ölçme Birimleri Arasındaki İlişki","MAT.6.4.3. Geometrik şekillerin alanları ile modellenen gerçek yaşam durumlarına yönelik problem çözebilme","Geometrik Nicelikler"
"6","2027-05-20","2027-05-21","Paralelkenar ve Üçgenin Alanı","MAT.6.4.3. Geometrik şekillerin alanları ile modellenen gerçek yaşam durumlarına yönelik problem çözebilme","Geometrik Nicelikler"
"6","2027-05-24","2027-05-28","Paralelkenar ve Üçgenin Alanı","MAT.6.4.3. Geometrik şekillerin alanları ile modellenen gerçek yaşam durumlarına yönelik problem çözebilme","Geometrik Nicelikler"
"6","2027-05-31","2027-06-04","Çemberin ve Çapın Uzunlukları Arasındaki İlişki","MAT.6.4.4. Çemberin uzunluğu ile çap uzunluğu arasındaki ilişkiye yönelik çıkarım yapabilme","Geometrik Nicelikler"
"6","2027-06-07","2027-06-11","Çemberin ve Çapın Uzunlukları Arasındaki İlişki","MAT.6.4.4. Çemberin uzunluğu ile çap uzunluğu arasındaki ilişkiye yönelik çıkarım yapabilme","Geometrik Nicelikler"
"6","2027-06-14","2027-06-18","Çemberin ve Çapın Uzunlukları Arasındaki İlişki","MAT.6.4.5. Çap veya yarıçap uzunluğu verilen bir çemberin uzunluğu ile ilgili problemleri çözebilme
MAT.6.4.6. Çemberde merkez açının ölçüsü ile gördüğü yayın uzunluğu arasındaki ilişkiye dair tümevarımsal akıl yürütebilme","Geometrik Nicelikler"
"6","2027-06-14","2027-06-18","Çemberde Merkez Açı ve Gördüğü Yay Uzunluğu","MAT.6.4.5. Çap veya yarıçap uzunluğu verilen bir çemberin uzunluğu ile ilgili problemleri çözebilme
MAT.6.4.6. Çemberde merkez açının ölçüsü ile gördüğü yayın uzunluğu arasındaki ilişkiye dair tümevarımsal akıl yürütebilme","Geometrik Nicelikler"
"7","2026-09-14","2026-09-18","Tam Sayılar","MAT.7.1.1. Gerçek yaşam ya da matematiksel durumlarda doğal sayı, tam sayı ve rasyonel sayıları yorumlayabilme","Sayılar ve Nicelikler"
"7","2026-09-14","2026-09-18","Rasyonel Sayılar ve Farklı Temsilleri","MAT.7.1.1. Gerçek yaşam ya da matematiksel durumlarda doğal sayı, tam sayı ve rasyonel sayıları yorumlayabilme","Sayılar ve Nicelikler"
"7","2026-09-21","2026-09-25","Tam Sayılar","MAT.7.1.1. Gerçek yaşam ya da matematiksel durumlarda doğal sayı, tam sayı ve rasyonel sayıları yorumlayabilme","Sayılar ve Nicelikler"
"7","2026-09-21","2026-09-25","Rasyonel Sayılar ve Farklı Temsilleri","MAT.7.1.1. Gerçek yaşam ya da matematiksel durumlarda doğal sayı, tam sayı ve rasyonel sayıları yorumlayabilme","Sayılar ve Nicelikler"
"7","2026-09-28","2026-10-02","Rasyonel Sayılar ve Farklı Temsilleri","MAT.7.1.2. Gerçek yaşam durumlarında rasyonel sayıların ondalık gösterimlerini yansıtabilme","Sayılar ve Nicelikler"
"7","2026-10-05","2026-10-09","Rasyonel Sayılar ve Farklı Temsilleri","MAT.7.1.2. Gerçek yaşam durumlarında rasyonel sayıların ondalık gösterimlerini yansıtabilme
MAT.7.1.3. Rasyonel sayıların karşılaştırma ve sıralama ilişkilerini yorumlayabilme","Sayılar ve Nicelikler"
"7","2026-10-05","2026-10-09","Rasyonel Sayılarda Karşılaştırma ve Sıralama","MAT.7.1.2. Gerçek yaşam durumlarında rasyonel sayıların ondalık gösterimlerini yansıtabilme
MAT.7.1.3. Rasyonel sayıların karşılaştırma ve sıralama ilişkilerini yorumlayabilme","Sayılar ve Nicelikler"
"7","2026-10-12","2026-10-16","Rasyonel Sayılarda Karşılaştırma ve Sıralama","MAT.7.1.3. Rasyonel sayıların karşılaştırma ve sıralama ilişkilerini yorumlayabilme","Sayılar ve Nicelikler"
"7","2026-10-19","2026-10-23","Rasyonel Sayılarla İşlemler ve Problem Çözme","MAT.7.1.4. Rasyonel sayılar ve işlemler içeren gerçek yaşam problemlerini çözebilme","Sayılar ve Nicelikler"
"7","2026-10-26","2026-10-30","Rasyonel Sayılarla İşlemler ve Problem Çözme","MAT.7.1.4. Rasyonel sayılar ve işlemler içeren gerçek yaşam problemlerini çözebilme","Sayılar ve Nicelikler"
"7","2026-11-02","2026-11-06","Rasyonel Sayılarla İşlemler ve Problem Çözme","MAT.7.1.4. Rasyonel sayılar ve işlemler içeren gerçek yaşam problemlerini çözebilme
MAT.7.4.1. Eş küplerle oluşturulan yapılar ile görünümleri arasındaki ilişkiyi çözümleyebilme","Sayılar ve Nicelikler"
"7","2026-11-02","2026-11-06","Cisimlerin Farklı Yönlerden Görünümleri","MAT.7.1.4. Rasyonel sayılar ve işlemler içeren gerçek yaşam problemlerini çözebilme
MAT.7.4.1. Eş küplerle oluşturulan yapılar ile görünümleri arasındaki ilişkiyi çözümleyebilme","Geometrik Nicelikler"
"7","2026-11-09","2026-11-13","Dikdörtgenler Prizmasının Hacmi ve Yüzey Alanı","MAT.7.4.2. Dikdörtgenler prizmasının yüzey alanını yorumlayabilme
MAT.7.4.3. Dikdörtgenler prizmasının hacmini eş nesneler aracılığıyla yorumlayabilme
MAT.7.4.4. Dikdörtgenler prizmasının hacim bağıntısını değerlendirebilme","Geometrik Nicelikler"
"7","2026-11-23","2026-11-27","Dikdörtgenler Prizmasının Hacmi ve Yüzey Alanı","MAT.7.4.4. Dikdörtgenler prizmasının hacim bağıntısını değerlendirebilme
MAT.7.4.5. Hacim ölçme birimleri arasındaki ilişkileri değerlendirebilme","Geometrik Nicelikler"
"7","2026-11-23","2026-11-27","Hacim Ölçme Birimleri","MAT.7.4.4. Dikdörtgenler prizmasının hacim bağıntısını değerlendirebilme
MAT.7.4.5. Hacim ölçme birimleri arasındaki ilişkileri değerlendirebilme","Geometrik Nicelikler"
"7","2026-11-30","2026-12-04","Dikdörtgenler Prizmasının Hacmi ve Yüzey Alanı","MAT.7.4.6. Günlük hayat durumlarında dikdörtgenler prizmaları ile modellenen cisimlerin yüzey alanı ve hacmine yönelik problem çözebilme","Geometrik Nicelikler"
"7","2026-12-07","2026-12-11","Dikdörtgenler Prizmasının Hacmi ve Yüzey Alanı","MAT.7.4.6. Günlük hayat durumlarında dikdörtgenler prizmaları ile modellenen cisimlerin yüzey alanı ve hacmine yönelik problem çözebilme
MAT.7.6.1. Kategorik veya nicel (sürekli) veri ile çalışabilme ve veriye dayalı karar verebilme","Geometrik Nicelikler"
"7","2026-12-07","2026-12-11","Kategorik ve Nicel (Sürekli) Veri Dağılımları","MAT.7.4.6. Günlük hayat durumlarında dikdörtgenler prizmaları ile modellenen cisimlerin yüzey alanı ve hacmine yönelik problem çözebilme
MAT.7.6.1. Kategorik veya nicel (sürekli) veri ile çalışabilme ve veriye dayalı karar verebilme","İstatistiksel Araştırma Süreci"
"7","2026-12-14","2026-12-18","Kategorik ve Nicel (Sürekli) Veri Dağılımları","MAT.7.6.1. Kategorik veya nicel (sürekli) veri ile çalışabilme ve veriye dayalı karar verebilme","İstatistiksel Araştırma Süreci"
"7","2026-12-21","2026-12-25","Kategorik ve Nicel (Sürekli) Veri Dağılımları","MAT.7.6.1. Kategorik veya nicel (sürekli) veri ile çalışabilme ve veriye dayalı karar verebilme","İstatistiksel Araştırma Süreci"
"7","2026-12-28","2026-12-31","Kategorik ve Nicel (Sürekli) Veri Dağılımları","MAT.7.6.2. Başkaları tarafından oluşturulan kategorik veya nicel (sürekli) veriye dayalı istatistiksel sonuç veya yorumları tartışabilme","İstatistiksel Araştırma Süreci"
"7","2027-01-04","2027-01-08","Kategorik ve Nicel (Sürekli) Veri Dağılımları","MAT.7.6.2. Başkaları tarafından oluşturulan kategorik veya nicel (sürekli) veriye dayalı istatistiksel sonuç veya yorumları tartışabilme","İstatistiksel Araştırma Süreci"
"7","2027-01-11","2027-01-15","Kategorik ve Nicel (Sürekli) Veri Dağılımları","MAT.7.6.2. Başkaları tarafından oluşturulan kategorik veya nicel (sürekli) veriye dayalı istatistiksel sonuç veya yorumları tartışabilme
MAT.7.3.1. Şekillerin yansıma dönüşümü altındaki görüntülerinin oluşturulmasına dair çıkarım yapabilme","İstatistiksel Araştırma Süreci"
"7","2027-01-11","2027-01-15","Yansıma Dönüşümü","MAT.7.6.2. Başkaları tarafından oluşturulan kategorik veya nicel (sürekli) veriye dayalı istatistiksel sonuç veya yorumları tartışabilme
MAT.7.3.1. Şekillerin yansıma dönüşümü altındaki görüntülerinin oluşturulmasına dair çıkarım yapabilme","Dönüşüm"
"7","2027-01-18","2027-01-22","Yansıma Dönüşümü","MAT.7.3.1. Şekillerin yansıma dönüşümü altındaki görüntülerinin oluşturulmasına dair çıkarım yapabilme
MAT.7.3.2. Yansıma dönüşümündeki deneyimlerini orta dikme ve açıortay inşasına yansıtabilme","Dönüşüm"
"7","2027-01-18","2027-01-22","Orta Dikme ve Açıortay İnşası","MAT.7.3.1. Şekillerin yansıma dönüşümü altındaki görüntülerinin oluşturulmasına dair çıkarım yapabilme
MAT.7.3.2. Yansıma dönüşümündeki deneyimlerini orta dikme ve açıortay inşasına yansıtabilme","Geometrik Şekiller"
"7","2027-02-08","2027-02-12","Üçgenlerde Kenarortay, Açıortay ve Yükseklik","MAT.7.5.1. Matematiksel araç ve teknolojiden yararlanarak üçgende kenarortayı, açıortayı ve yüksekliği çözümleyebilme
MAT.7.5.2. Orta dikme inşasına yönelik deneyimlerini üçgende kenarortay inşasına yansıtabilme","Geometrik Şekiller"
"7","2027-02-15","2027-02-19","Üçgenlerde Kenarortay, Açıortay ve Yükseklik","MAT.7.5.2. Orta dikme inşasına yönelik deneyimlerini üçgende kenarortay inşasına yansıtabilme
MAT.7.1.5. Gerçek yaşam durumları üzerinden oran ilişkileri hakkında muhakeme yapabilme","Geometrik Şekiller"
"7","2027-02-15","2027-02-19","Oran","MAT.7.5.2. Orta dikme inşasına yönelik deneyimlerini üçgende kenarortay inşasına yansıtabilme
MAT.7.1.5. Gerçek yaşam durumları üzerinden oran ilişkileri hakkında muhakeme yapabilme","Sayılar ve Nicelikler"
"7","2027-02-22","2027-02-26","Oran","MAT.7.1.5. Gerçek yaşam durumları üzerinden oran ilişkileri hakkında muhakeme yapabilme
MAT.7.1.6. Gerçek yaşam durumları üzerinden orantılı durumları yorumlayabilme","Sayılar ve Nicelikler"
"7","2027-02-22","2027-02-26","Orantılı Durumlar","MAT.7.1.5. Gerçek yaşam durumları üzerinden oran ilişkileri hakkında muhakeme yapabilme
MAT.7.1.6. Gerçek yaşam durumları üzerinden orantılı durumları yorumlayabilme","Sayılar ve Nicelikler"
"7","2027-03-01","2027-03-05","Doğru Orantılı Durumlara İlişkin Problem Çözme","MAT.7.1.7. Gerçek yaşam durumları üzerinden doğru orantılı durumlara ilişkin problemleri çözebilme","Sayılar ve Nicelikler"
"7","2027-03-15","2027-03-19","Doğru Orantılı Durumlara İlişkin Problem Çözme","MAT.7.1.7. Gerçek yaşam durumları üzerinden doğru orantılı durumlara ilişkin problemleri çözebilme
MAT.7.7.1. Bir olayın ve tümleyeninin olasılığına ilişkin tümevarımsal akıl yürütebilme
MAT.7.7.2. Aynı deneye ait olayların eşit olasılıklı olma durumlarını değerlendirebilme","Sayılar ve Nicelikler"
"7","2027-03-15","2027-03-19","Teorik Olasılık","MAT.7.1.7. Gerçek yaşam durumları üzerinden doğru orantılı durumlara ilişkin problemleri çözebilme
MAT.7.7.1. Bir olayın ve tümleyeninin olasılığına ilişkin tümevarımsal akıl yürütebilme
MAT.7.7.2. Aynı deneye ait olayların eşit olasılıklı olma durumlarını değerlendirebilme","Veriden Olasılığa"
"7","2027-03-22","2027-03-26","Teorik Olasılık","MAT.7.7.2. Aynı deneye ait olayların eşit olasılıklı olma durumlarını değerlendirebilme
MAT.7.7.3. Olayları ayrık olma ve ayrık olmama durumlarına göre sınıflandırabilme","Veriden Olasılığa"
"7","2027-03-29","2027-04-02","Cebirsel İfadelerle İşlemler","MAT.7.2.1. Gerçek yaşam durumları ya da matematiksel durumlar üzerinden cebirsel ifadelerle toplama, çıkarma ve bir rasyonel sayıyla çarpma işlemlerini yorumlayabilme","İşlemlerle Cebirsel Düşünme ve Değişimler"
"7","2027-04-05","2027-04-09","Cebirsel İfadelerle İşlemler","MAT.7.2.1. Gerçek yaşam durumları ya da matematiksel durumlar üzerinden cebirsel ifadelerle toplama, çıkarma ve bir rasyonel sayıyla çarpma işlemlerini yorumlayabilme","İşlemlerle Cebirsel Düşünme ve Değişimler"
"7","2027-04-12","2027-04-16","Cebirsel İfadelerle İşlemler","MAT.7.2.1. Gerçek yaşam durumları ya da matematiksel durumlar üzerinden cebirsel ifadelerle toplama, çıkarma ve bir rasyonel sayıyla çarpma işlemlerini yorumlayabilme
MAT.7.2.2. Birinci dereceden bir bilinmeyenli denklem ve birinci dereceden bir bilinmeyenli eşitsizlik içeren gerçek yaşam problemlerini çözebilme","İşlemlerle Cebirsel Düşünme ve Değişimler"
"7","2027-04-12","2027-04-16","Denklem ve Eşitsizlikler","MAT.7.2.1. Gerçek yaşam durumları ya da matematiksel durumlar üzerinden cebirsel ifadelerle toplama, çıkarma ve bir rasyonel sayıyla çarpma işlemlerini yorumlayabilme
MAT.7.2.2. Birinci dereceden bir bilinmeyenli denklem ve birinci dereceden bir bilinmeyenli eşitsizlik içeren gerçek yaşam problemlerini çözebilme","İşlemlerle Cebirsel Düşünme ve Değişimler"
"7","2027-04-19","2027-04-23","Denklem ve Eşitsizlikler","MAT.7.2.2. Birinci dereceden bir bilinmeyenli denklem ve birinci dereceden bir bilinmeyenli eşitsizlik içeren gerçek yaşam problemlerini çözebilme","İşlemlerle Cebirsel Düşünme ve Değişimler"
"7","2027-04-26","2027-04-30","Denklem ve Eşitsizlikler","MAT.7.2.2. Birinci dereceden bir bilinmeyenli denklem ve birinci dereceden bir bilinmeyenli eşitsizlik içeren gerçek yaşam problemlerini çözebilme","İşlemlerle Cebirsel Düşünme ve Değişimler"
"7","2027-05-03","2027-05-07","Denklem ve Eşitsizlikler","MAT.7.2.2. Birinci dereceden bir bilinmeyenli denklem ve birinci dereceden bir bilinmeyenli eşitsizlik içeren gerçek yaşam problemlerini çözebilme
MAT.7.2.3. Sayılar ve özelliklerini içeren ispatlara ilişkin matematiksel muhakeme yapabilme","İşlemlerle Cebirsel Düşünme ve Değişimler"
"7","2027-05-03","2027-05-07","İspat","MAT.7.2.2. Birinci dereceden bir bilinmeyenli denklem ve birinci dereceden bir bilinmeyenli eşitsizlik içeren gerçek yaşam problemlerini çözebilme
MAT.7.2.3. Sayılar ve özelliklerini içeren ispatlara ilişkin matematiksel muhakeme yapabilme","İşlemlerle Cebirsel Düşünme ve Değişimler"
"7","2027-05-10","2027-05-14","İspat","MAT.7.2.3. Sayılar ve özelliklerini içeren ispatlara ilişkin matematiksel muhakeme yapabilme","İşlemlerle Cebirsel Düşünme ve Değişimler"
"7","2027-05-20","2027-05-21","Cebirsel İfadelerle İşlemler ve Algoritma","MAT.7.2.4. Temel aritmetik ve cebirsel ifadelerle işlem içeren durumlardaki süreci algoritma ifade yöntemlerini kullanarak yapılandırabilme","İşlemlerle Cebirsel Düşünme ve Değişimler"
"7","2027-05-24","2027-05-28","Daire ve Daire Diliminin Alanı","MAT.7.4.7. Dikdörtgenin, paralelkenarın alanına ve çemberin uzunluğuna ilişkin deneyimlerini dairenin alan bağıntısına yansıtabilme
MAT.7.4.8. Çemberde merkez açı ve gördüğü yay uzunluğu arasındaki ilişkiden yola çıkarak daire ve daire diliminin alanları arasındaki ilişkiye yönelik analojik akıl yürütebilme","Geometrik Nicelikler"
"7","2027-05-31","2027-06-04","Daire ve Daire Diliminin Alanı","MAT.7.4.8. Çemberde merkez açı ve gördüğü yay uzunluğu arasındaki ilişkiden yola çıkarak daire ve daire diliminin alanları arasındaki ilişkiye yönelik analojik akıl yürütebilme","Geometrik Nicelikler"
"7","2027-06-07","2027-06-11","Eşkenar Dörtgen ve Yamuk","MAT.7.4.9. Eşkenar dörtgen ve yamuğun alan bağıntılarına dair çıkarım yapabilme","Geometrik Nicelikler"
"7","2027-06-14","2027-06-18","Daire ve Daire Diliminin Alanı","MAT.7.4.10. Günlük hayat durumlarında daire, daire dilimi, eşkenar dörtgen ve yamuğun alanına ilişkin problem çözebilme","Geometrik Nicelikler"
"7","2027-06-14","2027-06-18","Eşkenar Dörtgen ve Yamuk","MAT.7.4.10. Günlük hayat durumlarında daire, daire dilimi, eşkenar dörtgen ve yamuğun alanına ilişkin problem çözebilme","Geometrik Nicelikler"
"8","2026-09-14","2026-09-18","Çarpanlar ve Katlar","M.8.1.1.1. Verilen pozitif tam sayıların pozitif tam sayı çarpanlarını bulur, pozitif tam sayıların pozitif tam sayı çarpanlarını üslü ifadelerin çarpımı şeklinde yazar.","Sayılar ve İşlemler"
"8","2026-09-21","2026-09-25","Çarpanlar ve Katlar","M.8.1.1.2. İki doğal sayının en büyük ortak bölenini (EBOB) ve en küçük ortak katını (EKOK) hesaplar, ilgili problemleri çözer.
M.8.1.1.3. Verilen iki doğal sayının aralarında asal olup olmadığını belirler.","Sayılar ve İşlemler"
"8","2026-09-28","2026-10-02","Üslü İfadeler","M.8.1.2.1. Tam sayıların, tam sayı kuvvetlerini hesaplar.
M.8.1.2.2. Üslü ifadelerle ilgili temel kuralları anlar, birbirine denk ifadeler oluşturur.","Sayılar ve İşlemler"
"8","2026-10-05","2026-10-09","Üslü İfadeler","M.8.1.2.3. Sayıların ondalık gösterimlerini 10’un tam sayı kuvvetlerini kullanarak çözümler.
M.8.1.2.4. Verilen bir sayıyı 10’un farklı tam sayı kuvvetlerini kullanarak ifade eder.","Sayılar ve İşlemler"
"8","2026-10-12","2026-10-16","Üslü İfadeler","M.8.1.2.5. Çok büyük ve çok küçük sayıları bilimsel gösterimle ifade eder ve karşılaştırır.","Sayılar ve İşlemler"
"8","2026-10-19","2026-10-23","Kareköklü İfadeler","M.8.1.3.1. Tamkare pozitif tam sayılarla bu sayıların karekökleri arasındaki ilişkiyi belirler.
M.8.1.3.2. Tam kare olmayan kareköklü bir sayının hangi iki doğal sayı arasında olduğunu belirler.","Sayılar ve İşlemler"
"8","2026-10-26","2026-10-30","Kareköklü İfadeler","M.8.1.3.3. Kareköklü bir ifadeyi a√b şeklinde yazar ve a√b şeklindeki ifadede katsayıyı kök içine alır.","Sayılar ve İşlemler"
"8","2026-11-02","2026-11-06","Kareköklü İfadeler","M.8.1.3.4. Kareköklü ifadelerde çarpma ve bölme işlemlerini yapar.
M.8.1.3.5. Kareköklü ifadelerde toplama ve çıkarma işlemlerini yapar.","Sayılar ve İşlemler"
"8","2026-11-09","2026-11-13","Kareköklü İfadeler","M.8.1.3.5. Kareköklü ifadelerde toplama ve çıkarma işlemlerini yapar.
M.8.1.3.6. Kareköklü bir ifade ile çarpıldığında, sonucu bir doğal sayı yapan çarpanlara örnek verir.","Sayılar ve İşlemler"
"8","2026-11-23","2026-11-27","Kareköklü İfadeler","M.8.1.3.7. Ondalık ifadelerin kareköklerini belirler.
M.8.1.3.8. Gerçek sayıları tanır, rasyonel ve irrasyonel sayılarla ilişkilendirir.","Sayılar ve İşlemler"
"8","2026-11-30","2026-12-04","Veri Analizi","M.8.4.1.1. En fazla üç veri grubuna ait çizgi ve sütun grafiklerini yorumlar.","Veri İşleme"
"8","2026-12-07","2026-12-11","Veri Analizi","M.8.4.1.2. Verileri sütun, daire veya çizgi grafiği ile gösterir ve bu gösterimler arasında uygun olan dönüşümleri yapar.","Veri İşleme"
"8","2026-12-14","2026-12-18","Veri Analizi","M.8.4.1.2. Verileri sütun, daire veya çizgi grafiği ile gösterir ve bu gösterimler arasında uygun olan dönüşümleri yapar.","Veri İşleme"
"8","2026-12-14","2026-12-18","Basit Olayların Olma Olasılığı","M.8.5.1.1. Bir olaya ait olası durumları belirler.
M.8.5.1.2. “Daha fazla”, “eşit”, “daha az” olasılıklı olayları ayırt eder, örnek verir.","Olasılık"
"8","2026-12-21","2026-12-25","Basit Olayların Olma Olasılığı","M.8.5.1.3. Eşit şansa sahip olan olaylarda her bir çıktının olasılık değerinin eşit olduğunu ve bu değerin 1/n olduğunu açıklar.","Olasılık"
"8","2026-12-28","2027-01-01","Basit Olayların Olma Olasılığı","M.8.5.1.4. Olasılık değerinin 0 ile 1 arasında (0 ve 1 dâhil) olduğunu anlar.
M.8.5.1.5. Basit bir olayın olma olasılığını hesaplar.","Olasılık"
"8","2026-12-28","2027-01-01","Cebirsel İfadeler ve Özdeşlikler","M.8.2.1.1. Basit cebirsel ifadeleri anlar ve farklı biçimlerde yazar.","Cebir"
"8","2027-01-04","2027-01-08","Cebirsel İfadeler ve Özdeşlikler","M.8.2.1.1. Basit cebirsel ifadeleri anlar ve farklı biçimlerde yazar.
M.8.2.1.2. Cebirsel ifadelerin çarpımını yapar.","Cebir"
"8","2027-01-11","2027-01-15","Cebirsel İfadeler ve Özdeşlikler","M.8.2.1.3. Özdeşlikleri modellerle açıklar.","Cebir"
"8","2027-01-18","2027-01-22","Cebirsel İfadeler ve Özdeşlikler","M.8.2.1.4. Cebirsel ifadeleri çarpanlara ayırır.","Cebir"
"8","2027-01-18","2027-01-22","Doğrusal Denklemler","M.8.2.2.1. Birinci dereceden bir bilinmeyenli denklemleri çözer.","Cebir"
"8","2027-02-08","2027-02-12","Doğrusal Denklemler","M.8.2.2.1. Birinci dereceden bir bilinmeyenli denklemleri çözer.
M.8.2.2.2. Koordinat sistemini özellikleriyle tanır ve sıralı ikilileri gösterir.","Cebir"
"8","2027-02-15","2027-02-19","Doğrusal Denklemler","M.8.2.2.3. Aralarında doğrusal ilişki bulunan iki değişkenden birinin diğerine bağlı olarak nasıl değiştiğini tablo ve denklem ile ifade eder.","Cebir"
"8","2027-02-22","2027-02-26","Doğrusal Denklemler","M.8.2.2.4. Doğrusal denklemlerin grafiğini çizer.","Cebir"
"8","2027-03-01","2027-03-05","Doğrusal Denklemler","M.8.2.2.5. Doğrusal ilişki içeren gerçek hayat durumlarına ait denklem, tablo ve grafiği oluşturur ve yorumlar.","Cebir"
"8","2027-03-15","2027-03-19","Doğrusal Denklemler","M.8.2.2.6. Doğrunun eğimini modellerle açıklar, doğrusal denklemleri ve grafiklerini eğimle ilişkilendirir.","Cebir"
"8","2027-03-22","2027-03-26","Doğrusal Denklemler","M.8.2.2.6. Doğrunun eğimini modellerle açıklar, doğrusal denklemleri ve grafiklerini eğimle ilişkilendirir.","Cebir"
"8","2027-03-22","2027-03-26","Eşitsizlikler","M.8.2.3.1. Birinci dereceden bir bilinmeyenli eşitsizlik içeren günlük hayat durumlarına uygun matematik cümleleri yazar.","Cebir"
"8","2027-03-29","2027-04-02","Eşitsizlikler","M.8.2.3.1. Birinci dereceden bir bilinmeyenli eşitsizlik içeren günlük hayat durumlarına uygun matematik cümleleri yazar.
M.8.2.3.2. Birinci dereceden bir bilinmeyenli eşitsizlikleri sayı doğrusunda gösterir.","Cebir"
"8","2027-04-05","2027-04-09","Eşitsizlikler","M.8.2.3.3. Birinci dereceden bir bilinmeyenli eşitsizlikleri çözer.","Cebir"
"8","2027-04-05","2027-04-09","Üçgenler","M.8.3.1.1. Üçgende kenarortay, açıortay ve yüksekliği inşa eder.","Geometri ve Ölçme"
"8","2027-04-12","2027-04-16","Üçgenler","M.8.3.1.1. Üçgende kenarortay, açıortay ve yüksekliği inşa eder.
M.8.3.1.2. Üçgenin iki kenar uzunluğunun toplamı veya farkı ile üçüncü kenarının uzunluğunu ilişkilendirir.","Geometri ve Ölçme"
"8","2027-04-19","2027-04-23","Üçgenler","M.8.3.1.3. Üçgenin kenar uzunlukları ile bu kenarların karşısındaki açıların ölçülerini ilişkilendirir.
M.8.3.1.4. Yeterli sayıda elemanının ölçüleri verilen bir üçgeni çizer.","Geometri ve Ölçme"
"8","2027-04-26","2027-04-30","Üçgenler","M.8.3.1.5. Pisagor bağıntısını oluşturur, ilgili problemleri çözer.","Geometri ve Ölçme"
"8","2027-05-03","2027-05-07","Üçgenler","M.8.3.1.5. Pisagor bağıntısını oluşturur, ilgili problemleri çözer.","Geometri ve Ölçme"
"8","2027-05-03","2027-05-07","Eşlik ve Benzerlik","M.8.3.3.1. Eşlik ve benzerliği ilişkilendirir, eş ve benzer şekillerin kenar ve açı ilişkilerini belirler.","Geometri ve Ölçme"
"8","2027-05-10","2027-05-14","Eşlik ve Benzerlik","M.8.3.3.1. Eşlik ve benzerliği ilişkilendirir, eş ve benzer şekillerin kenar ve açı ilişkilerini belirler.
M.8.3.3.2. Benzer çokgenlerin benzerlik oranını belirler, bir çokgene eş ve benzer çokgenler oluşturur","Geometri ve Ölçme"
"8","2027-05-17","2027-05-21","Dönüşüm Geometrisi","M.8.3.2.1. Nokta, doğru parçası ve diğer şekillerin öteleme sonucundaki görüntülerini çizer.","Geometri ve Ölçme"
"8","2027-05-24","2027-05-28","Dönüşüm Geometrisi","M.8.3.2.2. Nokta, doğru parçası ve diğer şekillerin yansıma sonucu oluşan görüntüsünü oluşturur.
M.8.3.2.3. Çokgenlerin öteleme ve yansımalar sonucunda ortaya çıkan görüntüsünü oluşturur.","Geometri ve Ölçme"
"8","2027-05-31","2027-06-04","Geometrik Cisimler","M.8.3.4.1. Dik prizmaları tanır, temel elemanlarını belirler, inşa eder ve açınımını çizer.
M.8.3.4.2. Dik dairesel silindirin temel elemanlarını belirler, inşa eder ve açınımını çizer.","Geometri ve Ölçme"
"8","2027-06-07","2027-06-11","Geometrik Cisimler","M.8.3.4.3. Dik dairesel silindirin yüzey alanı bağıntısını oluşturur, ilgili problemleri çözer.
M.8.3.4.4. Dik dairesel silindirin hacim bağıntısını oluşturur; ilgili problemleri çözer.","Geometri ve Ölçme"
"8","2027-06-14","2027-06-18","Geometrik Cisimler","M.8.3.4.5. Dik piramidi tanır, temel elemanlarını belirler, inşa eder ve açınımını çizer.
M.8.3.4.6. Dik koniyi tanır, temel elemanlarını belirler, inşa eder ve açınımını çizer.","Geometri ve Ölçme"
